CELL_LINE_NAME,STRIPPED_CELL_LINE_NAME,DEPMAP_ID,GDSC_COSMIC_ID,SANGER_MODEL_ID,CCLE_NAME,CTRPV2_NAME,DEPMAP_MODEL_ID_ALIAS,OncotreeLineage,OncotreePrimaryDisease,GDSC1_AVAILABLE,GDSC2_AVAILABLE,CTD2_AVAILABLE,CTRPV2_AVAILABLE,PRISM_AVAILABLE,PRISM_HAS_MEASUREMENTS,PRISM_NONMISSING_MEASUREMENTS,GDSC_EXPRESSION_AVAILABLE,DEPMAP_EXPRESSION_AVAILABLE,NOTES
GOS-3,GOS3,ACH-000027,,,GOS3_CENTRAL_NERVOUS_SYSTEM,GOS3,,CNS/Brain,Adult-Type Diffuse Glioma,False,False,True,True,True,True,1408,False,True,
U343,U343,ACH-000036,,,U343_CENTRAL_NERVOUS_SYSTEM,,,CNS/Brain,Adult-Type Diffuse Glioma,False,False,False,False,True,True,190,False,True,
U-118 MG,U118MG,ACH-000040,687588.0,SIDM01193,U118MG_CENTRAL_NERVOUS_SYSTEM,U118MG,,CNS/Brain,Adult-Type Diffuse Glioma,True,True,True,True,True,True,1398,True,True,
Hs 683,HS683,ACH-000067,1240150.0,SIDM00666,HS683_CENTRAL_NERVOUS_SYSTEM,HS683,,CNS/Brain,Adult-Type Diffuse Glioma,True,True,True,True,True,True,190,True,True,
U-87 MG,U87MG,ACH-000075,687590.0,SIDM01189,U87MG_CENTRAL_NERVOUS_SYSTEM,U87MG,,CNS/Brain,Adult-Type Diffuse Glioma,True,True,True,True,True,True,190,True,True,
GAMG,GAMG,ACH-000098,906868.0,SIDM01055,GAMG_CENTRAL_NERVOUS_SYSTEM,GAMG,,CNS/Brain,Adult-Type Diffuse Glioma,True,True,True,True,True,True,1345,True,True,
GMS-10,GMS10,ACH-000102,906873.0,SIDM01074,GMS10_CENTRAL_NERVOUS_SYSTEM,GMS10,,CNS/Brain,Adult-Type Diffuse Glioma,False,False,True,True,True,True,1355,True,True,
KG-1-C,KG1C,ACH-000126,,SIDM00784,KG1C_CENTRAL_NERVOUS_SYSTEM,KG1C,,CNS/Brain,Diffuse Glioma,False,False,True,True,False,False,0,False,True,
LN-319,LN319,ACH-000128,,,LN319_CENTRAL_NERVOUS_SYSTEM,,,CNS/Brain,Adult-Type Diffuse Glioma,False,False,False,False,False,False,0,False,True,
8-MG-BA,8MGBA,ACH-000137,687562.0,SIDM00998,8MGBA_CENTRAL_NERVOUS_SYSTEM,8MGBA,,CNS/Brain,Adult-Type Diffuse Glioma,True,True,True,True,True,True,1377,True,True,
M059K,M059K,ACH-000152,,SIDM00639,M059K_CENTRAL_NERVOUS_SYSTEM,M059K,,CNS/Brain,Adult-Type Diffuse Glioma,False,False,True,True,True,True,187,False,True,
NMC-G1,NMCG1,ACH-000200,908449.0,SIDM00575,NMCG1_CENTRAL_NERVOUS_SYSTEM,NMCG1,,CNS/Brain,Adult-Type Diffuse Glioma,True,True,True,True,False,False,0,True,True,
U-178,U178,ACH-000208,,,U178_CENTRAL_NERVOUS_SYSTEM,,,CNS/Brain,Adult-Type Diffuse Glioma,False,False,False,False,True,True,191,False,True,
LN382,LN382,ACH-000215,,,LN382_CENTRAL_NERVOUS_SYSTEM,,ACH-001299,CNS/Brain,Adult-Type Diffuse Glioma,False,False,False,False,True,True,184,False,True,
KALS-1,KALS1,ACH-000231,907271.0,SIDM00613,KALS1_CENTRAL_NERVOUS_SYSTEM,KALS1,,CNS/Brain,Adult-Type Diffuse Glioma,True,True,True,True,True,True,1234,True,True,
U-251 MG,U251MG,ACH-000232,905983.0,SIDM00111,U251MG_CENTRAL_NERVOUS_SYSTEM,U251MG,,CNS/Brain,Adult-Type Diffuse Glioma,True,True,True,True,True,True,1300,True,True,
DK-MG,DKMG,ACH-000244,906839.0,SIDM00947,DKMG_CENTRAL_NERVOUS_SYSTEM,DKMG,,CNS/Brain,Adult-Type Diffuse Glioma,True,True,True,True,True,True,1360,True,True,
AM-38,AM38,ACH-000269,910933.0,SIDM00492,AM38_CENTRAL_NERVOUS_SYSTEM,AM38,,CNS/Brain,Adult-Type Diffuse Glioma,True,True,True,True,True,True,190,True,True,
SF539,SF539,ACH-000273,905984.0,SIDM00083,SF539_CENTRAL_NERVOUS_SYSTEM,SF539,,CNS/Brain,Diffuse Glioma,True,True,True,True,True,True,1351,True,True,
A1207,A1207,ACH-000283,,,A1207_CENTRAL_NERVOUS_SYSTEM,,,CNS/Brain,Adult-Type Diffuse Glioma,False,False,False,False,True,True,191,False,True,
SNU-466,SNU466,ACH-000289,,,SNU466_CENTRAL_NERVOUS_SYSTEM,SNU466,,CNS/Brain,Adult-Type Diffuse Glioma,False,False,True,True,True,True,1362,False,True,
42-MG-BA,42MGBA,ACH-000323,687561.0,SIDM00982,42MGBA_CENTRAL_NERVOUS_SYSTEM,42MGBA,,CNS/Brain,Adult-Type Diffuse Glioma,True,True,True,True,True,True,1344,True,True,
LN-215,LN215,ACH-000328,,,LN215_CENTRAL_NERVOUS_SYSTEM,,,CNS/Brain,Adult-Type Diffuse Glioma,False,False,False,False,False,False,0,False,True,
CCF-STTG1,CCFSTTG1,ACH-000329,906823.0,SIDM00131,CCFSTTG1_CENTRAL_NERVOUS_SYSTEM,CCFSTTG1,,CNS/Brain,Adult-Type Diffuse Glioma,False,False,True,True,True,True,1362,True,True,
SNU-1105,SNU1105,ACH-000368,,,SNU1105_CENTRAL_NERVOUS_SYSTEM,SNU1105,,CNS/Brain,Adult-Type Diffuse Glioma,False,False,True,True,True,True,1400,False,True,
SNU-626,SNU626,ACH-000370,,,SNU626_CENTRAL_NERVOUS_SYSTEM,SNU626,,CNS/Brain,Adult-Type Diffuse Glioma,False,False,False,True,False,False,0,False,True,
SF-295,SF295,ACH-000376,905985.0,SIDM00084,SF295_CENTRAL_NERVOUS_SYSTEM,SF295,,CNS/Brain,Adult-Type Diffuse Glioma,True,True,True,True,True,True,1346,True,True,
H4,H4,ACH-000389,907042.0,SIDM00852,H4_CENTRAL_NERVOUS_SYSTEM,,,CNS/Brain,Adult-Type Diffuse Glioma,True,True,False,False,True,True,1327,True,True,
SW 1088,SW1088,ACH-000437,909745.0,SIDM01155,SW1088_CENTRAL_NERVOUS_SYSTEM,SW1088,,CNS/Brain,Adult-Type Diffuse Glioma,True,True,False,True,True,True,1440,True,True,
KNS-60,KNS60,ACH-000445,,,KNS60_CENTRAL_NERVOUS_SYSTEM,KNS60,,CNS/Brain,Adult-Type Diffuse Glioma,False,False,True,True,True,True,1352,False,True,
LN-428,LN428,ACH-000455,,,LN428_CENTRAL_NERVOUS_SYSTEM,,,CNS/Brain,Adult-Type Diffuse Glioma,False,False,False,False,False,False,0,False,True,
CAS-1,CAS1,ACH-000464,910943.0,SIDM00212,CAS1_CENTRAL_NERVOUS_SYSTEM,CAS1,,CNS/Brain,Adult-Type Diffuse Glioma,True,True,True,True,True,True,148,True,True,
YH-13,YH13,ACH-000469,909905.0,SIDM00316,YH13_CENTRAL_NERVOUS_SYSTEM,YH13,,CNS/Brain,Adult-Type Diffuse Glioma,True,True,True,True,True,True,1383,True,True,
KNS-81,KNS81,ACH-000479,,SIDM00605,KNS81_CENTRAL_NERVOUS_SYSTEM,KNS81,,CNS/Brain,Adult-Type Diffuse Glioma,False,False,True,True,True,True,1389,False,True,
SNB75,SNB75,ACH-000504,905982.0,SIDM00095,SNB75_CENTRAL_NERVOUS_SYSTEM,SNB75,,CNS/Brain,Adult-Type Diffuse Glioma,True,True,True,True,True,True,1356,True,True,
SNU-489,SNU489,ACH-000543,,,SNU489_CENTRAL_NERVOUS_SYSTEM,SNU489,,CNS/Brain,Adult-Type Diffuse Glioma,False,False,True,True,True,True,188,False,True,
A-172,A172,ACH-000558,687563.0,SIDM00799,A172_CENTRAL_NERVOUS_SYSTEM,A172,,CNS/Brain,Adult-Type Diffuse Glioma,True,True,True,True,True,True,1337,True,True,
YKG1,YKG1,ACH-000570,687592.0,SIDM00315,YKG1_CENTRAL_NERVOUS_SYSTEM,YKG1,,CNS/Brain,Adult-Type Diffuse Glioma,True,True,True,True,True,True,1270,True,True,
T98G,T98G,ACH-000571,687586.0,SIDM01171,T98G_CENTRAL_NERVOUS_SYSTEM,T98G,,CNS/Brain,Adult-Type Diffuse Glioma,True,True,True,True,True,True,1455,True,True,
LN-235,LN235,ACH-000591,,,LN235_CENTRAL_NERVOUS_SYSTEM,,,CNS/Brain,Adult-Type Diffuse Glioma,False,False,False,False,False,False,0,False,True,
TM-31,TM31,ACH-000592,,,TM31_CENTRAL_NERVOUS_SYSTEM,TM31,,CNS/Brain,Adult-Type Diffuse Glioma,False,False,True,True,True,True,1353,False,True,
LN-229,LN229,ACH-000595,1240169.0,SIDM00684,LN229_CENTRAL_NERVOUS_SYSTEM,LN229,,CNS/Brain,Adult-Type Diffuse Glioma,True,True,True,True,True,True,1417,True,True,
SF126,SF126,ACH-000609,909712.0,SIDM00382,SF126_CENTRAL_NERVOUS_SYSTEM,SF126,,CNS/Brain,Adult-Type Diffuse Glioma,True,True,True,True,True,True,1305,True,True,
KNS-42,KNS42,ACH-000622,907282.0,SIDM00607,KNS42_CENTRAL_NERVOUS_SYSTEM,KNS42,,CNS/Brain,Adult-Type Diffuse Glioma,True,True,True,True,True,True,1421,True,True,
SNU-201,SNU201,ACH-000623,,SIDM00158,SNU201_CENTRAL_NERVOUS_SYSTEM,SNU201,,CNS/Brain,Adult-Type Diffuse Glioma,False,False,True,True,True,True,187,False,True,
KS-1,KS1,ACH-000631,907313.0,SIDM00555,KS1_CENTRAL_NERVOUS_SYSTEM,,,CNS/Brain,Adult-Type Diffuse Glioma,True,True,False,False,True,True,188,True,True,
LN-340,LN340,ACH-000634,,,LN340_CENTRAL_NERVOUS_SYSTEM,,,CNS/Brain,Adult-Type Diffuse Glioma,False,False,False,False,False,False,0,False,True,
SF268,SF268,ACH-000655,905986.0,SIDM00085,SF268_CENTRAL_NERVOUS_SYSTEM,SF268,,CNS/Brain,Adult-Type Diffuse Glioma,True,True,True,True,False,False,0,True,True,
LN-443,LN443,ACH-000673,,,LN443_CENTRAL_NERVOUS_SYSTEM,,ACH-001297,CNS/Brain,Adult-Type Diffuse Glioma,False,False,False,False,False,False,0,False,True,
GB-1,GB1,ACH-000738,687568.0,SIDM00581,GB1_CENTRAL_NERVOUS_SYSTEM,GB1,,CNS/Brain,Adult-Type Diffuse Glioma,True,True,True,True,True,True,1413,True,True,
GI-1,GI1,ACH-000756,906871.0,SIDM00273,GI1_CENTRAL_NERVOUS_SYSTEM,GI1,,CNS/Brain,Diffuse Glioma,True,True,True,True,True,True,1242,True,True,
LNZ308,LNZ308,ACH-000760,,SIDM00682,LNZ308_CENTRAL_NERVOUS_SYSTEM,,,CNS/Brain,Adult-Type Diffuse Glioma,False,False,False,False,True,True,192,False,True,
SNU-738,SNU738,ACH-000807,,,SNU738_CENTRAL_NERVOUS_SYSTEM,SNU738,,CNS/Brain,Adult-Type Diffuse Glioma,False,False,True,True,False,False,0,False,True,
LN-18,LN18,ACH-000819,1240168.0,SIDM00685,LN18_CENTRAL_NERVOUS_SYSTEM,LN18,,CNS/Brain,Adult-Type Diffuse Glioma,True,True,True,True,True,True,1364,True,True,
DBTRG-05MG,DBTRG05MG,ACH-000863,906835.0,SIDM00867,DBTRG05MG_CENTRAL_NERVOUS_SYSTEM,DBTRG05MG,,CNS/Brain,Adult-Type Diffuse Glioma,True,True,True,True,True,True,1439,True,True,
SW 1783,SW1783,ACH-000883,909750.0,SIDM01164,SW1783_CENTRAL_NERVOUS_SYSTEM,SW1783,,CNS/Brain,Adult-Type Diffuse Glioma,True,True,True,True,True,True,180,True,True,
SF-172,SF172,ACH-000887,,,SF172_CENTRAL_NERVOUS_SYSTEM,,,CNS/Brain,Adult-Type Diffuse Glioma,False,False,False,False,False,False,0,False,True,
1321N1,1321N1,ACH-001000,,SIDM01967,1321N1_CENTRAL_NERVOUS_SYSTEM,,,CNS/Brain,Adult-Type Diffuse Glioma,False,False,False,False,False,False,0,False,False,
Becker,BECKER,ACH-001016,906746.0,SIDM00490,BECKER_CENTRAL_NERVOUS_SYSTEM,BECKER,,CNS/Brain,Adult-Type Diffuse Glioma,True,True,True,True,True,True,1377,True,True,
M059J,M059J,ACH-001118,949094.0,SIDM00659,M059J_CENTRAL_NERVOUS_SYSTEM,,,CNS/Brain,Adult-Type Diffuse Glioma,True,True,False,False,False,False,0,True,False,
MOG-G-CCM,MOGGCCM,ACH-001125,908144.0,SIDM00532,MOGGCCM_CENTRAL_NERVOUS_SYSTEM,,,CNS/Brain,Adult-Type Diffuse Glioma,True,True,False,False,False,False,0,True,False,
MOG-G-UVW,MOGGUVW,ACH-001126,908145.0,SIDM00504,MOGGUVW_CENTRAL_NERVOUS_SYSTEM,,,CNS/Brain,Adult-Type Diffuse Glioma,True,True,False,False,False,False,0,True,False,
U-251 MG DM,U251MGDM,ACH-001172,,,U251MGDM_Brain,,ACH-001173,CNS/Brain,Adult-Type Diffuse Glioma,False,False,False,False,False,False,0,False,True,
SNB19,SNB19,ACH-001198,,SIDM00109,SNB19_CENTRAL_NERVOUS_SYSTEM,,,CNS/Brain,Adult-Type Diffuse Glioma,False,False,False,False,False,False,0,False,False,
U-138 MG,U138MG,ACH-001214,,SIDM01192,U138MG_CENTRAL_NERVOUS_SYSTEM,,,CNS/Brain,Adult-Type Diffuse Glioma,False,False,False,False,False,False,0,False,False,
ANGM-CSS,ANGMCSS,ACH-001329,,,ANGMCSS_CENTRAL_NERVOUS_SYSTEM,,,CNS/Brain,Adult-Type Diffuse Glioma,False,False,False,False,False,False,0,False,True,
no.10,NO10,ACH-001605,908452.0,SIDM00574,NO10_CENTRAL_NERVOUS_SYSTEM,,ACH-001620,CNS/Brain,Adult-Type Diffuse Glioma,True,True,False,False,False,False,0,True,True,
no.11,NO11,ACH-001606,908450.0,SIDM00573,NO11_CENTRAL_NERVOUS_SYSTEM,,,CNS/Brain,Adult-Type Diffuse Glioma,True,True,False,False,False,False,0,True,True,
NP 2,NP2,ACH-001608,,,NP2_CENTRAL_NERVOUS_SYSTEM,,,CNS/Brain,Adult-Type Diffuse Glioma,False,False,False,False,False,False,0,False,True,
NP 3,NP3,ACH-001609,,,NP3_CENTRAL_NERVOUS_SYSTEM,,,CNS/Brain,Adult-Type Diffuse Glioma,False,False,False,False,False,False,0,False,True,
NP 5,NP5,ACH-001610,,,NP5_CENTRAL_NERVOUS_SYSTEM,,,CNS/Brain,Adult-Type Diffuse Glioma,False,False,False,False,False,False,0,False,True,
NP 8,NP8,ACH-001611,,,NP8_CENTRAL_NERVOUS_SYSTEM,,,CNS/Brain,Adult-Type Diffuse Glioma,False,False,False,False,False,False,0,False,True,
Onda 7,ONDA7,ACH-001622,,,ONDA7_CENTRAL_NERVOUS_SYSTEM,,,CNS/Brain,Adult-Type Diffuse Glioma,False,False,False,False,False,False,0,False,True,
Onda 8,ONDA8,ACH-001623,,,ONDA8_CENTRAL_NERVOUS_SYSTEM,,,CNS/Brain,Adult-Type Diffuse Glioma,False,False,False,False,False,False,0,False,True,
Onda 9,ONDA9,ACH-001624,,,ONDA9_CENTRAL_NERVOUS_SYSTEM,,,CNS/Brain,Adult-Type Diffuse Glioma,False,False,False,False,False,False,0,False,True,
D-245MG,D245MG,ACH-002223,946366.0,SIDM01021,D245MG_CENTRAL_NERVOUS_SYSTEM,,,CNS/Brain,Adult-Type Diffuse Glioma,False,True,False,False,False,False,0,False,False,
D-247MG,D247MG,ACH-002224,946367.0,SIDM00622,D247MG_CENTRAL_NERVOUS_SYSTEM,,,CNS/Brain,Diffuse Glioma,True,True,False,False,False,False,0,True,False,
D-263MG,D263MG,ACH-002225,946368.0,SIDM00732,D263MG_CENTRAL_NERVOUS_SYSTEM,,,CNS/Brain,Adult-Type Diffuse Glioma,True,True,False,False,False,False,0,True,False,
D-336MG,D336MG,ACH-002226,946369.0,SIDM00620,D336MG_CENTRAL_NERVOUS_SYSTEM,,,CNS/Brain,Diffuse Glioma,True,True,False,False,False,False,0,True,False,
D-392MG,D392MG,ACH-002227,946370.0,SIDM00542,D392MG_CENTRAL_NERVOUS_SYSTEM,,,CNS/Brain,Adult-Type Diffuse Glioma,True,True,False,False,False,False,0,True,False,
D-423MG,D423MG,ACH-002228,946372.0,SIDM00209,D423MG_CENTRAL_NERVOUS_SYSTEM,,,CNS/Brain,Adult-Type Diffuse Glioma,True,True,False,False,False,False,0,True,False,
D-502MG,D502MG,ACH-002229,946373.0,SIDM00208,D502MG_CENTRAL_NERVOUS_SYSTEM,,,CNS/Brain,Adult-Type Diffuse Glioma,True,True,False,False,False,False,0,True,False,
D-542MG,D542MG,ACH-002230,753549.0,SIDM00207,D542MG_CENTRAL_NERVOUS_SYSTEM,,,CNS/Brain,Adult-Type Diffuse Glioma,True,True,False,False,False,False,0,True,False,
D-566MG,D566MG,ACH-002231,946377.0,SIDM00206,D566MG_CENTRAL_NERVOUS_SYSTEM,,,CNS/Brain,Adult-Type Diffuse Glioma,True,True,False,False,False,False,0,True,False,
KINGS-1,KINGS1,ACH-002257,907279.0,SIDM00612,KINGS1_CENTRAL_NERVOUS_SYSTEM,,,CNS/Brain,Adult-Type Diffuse Glioma,True,True,False,False,False,False,0,True,False,
KNS-81-FD,KNS81FD,ACH-002259,924188.0,SIDM01210,KNS81FD_CENTRAL_NERVOUS_SYSTEM,,,CNS/Brain,Adult-Type Diffuse Glioma,True,True,False,False,False,False,0,True,False,
LN-405,LN405,ACH-002268,910694.0,SIDM00343,LN405_CENTRAL_NERVOUS_SYSTEM,,,CNS/Brain,Adult-Type Diffuse Glioma,True,True,False,False,False,False,0,True,False,
LNZTA3WT4,LNZTA3WT4,ACH-002269,1240170.0,SIDM01220,LNZTA3WT4_CENTRAL_NERVOUS_SYSTEM,,,CNS/Brain,Adult-Type Diffuse Glioma,True,True,False,False,False,False,0,True,False,
SK-MG-1,SKMG1,ACH-002304,909729.0,SIDM00379,SKMG1_CENTRAL_NERVOUS_SYSTEM,,,CNS/Brain,Adult-Type Diffuse Glioma,True,True,False,False,False,False,0,True,False,
HSJD-DIPG-007,HSJDDIPG007,ACH-002348,,SIDM01714,DIPG007_CENTRAL_NERVOUS_SYSTEM,,ACH-003094,CNS/Brain,Pediatric-Type Diffuse High-Grade Glioma,False,False,False,False,False,False,0,False,False,
GBM001,GBM001,ACH-002349,,,GBM001_CENTRAL_NERVOUS_SYSTEM,,,CNS/Brain,Adult-Type Diffuse Glioma,False,False,False,False,False,False,0,False,False,
CCLF_NEURO_0006_T,CCLFNEURO0006T,ACH-002409,,,CCLFNEURO0006T_CENTRAL_NERVOUS_SYSTEM,,,CNS/Brain,Adult-Type Diffuse Glioma,False,False,False,False,False,False,0,False,True,
170-MG-BA,170MGBA,ACH-002680,,,170MGBA_CENTRAL_NERVOUS_SYSTEM,,,CNS/Brain,Adult-Type Diffuse Glioma,False,False,False,False,False,False,0,False,True,
538-MG-BA,538MGBA,ACH-002681,,,538MGBA_CENTRAL_NERVOUS_SYSTEM,,,CNS/Brain,Adult-Type Diffuse Glioma,False,False,False,False,False,False,0,False,True,
TB096,TB096,ACH-002806,,,TB096_BRAIN,,,CNS/Brain,Adult-Type Diffuse Glioma,False,False,False,False,False,False,0,False,True,
CCLF_NEURO_0005_T,CCLFNEURO0005T,ACH-003438,,,,,,CNS/Brain,Adult-Type Diffuse Glioma,False,False,False,False,False,False,0,False,True,
